{"206 Bourke Street": [-37.812733, 144.966947, " Melbourne"], "Acland Court Shopping Centre": [-37.868967, 144.980617, " St Kilda"], "Altona Gate Shopping Centre": [-37.828989, 144.84627, " Melbourne"], "Balnarring Village Shopping Centre": [-38.373199, 145.12501, " Balnarring"], "Barkly Square": [-37.775695, 144.962004, " Brunswick"], "Barrabool Hills Plaza": [-38.161872, 144.305826, " Geelong"], "Bayside Shopping Centre": [-38.141951, 145.124068, " Frankston"], "Bellarine Village Shopping Centre": [-38.168784, 144.388547, " Newcomb"], "Bellpost Shopping Centre": [-38.089309, 144.336645, " Geelong"], "Belmont Village": [-38.170104, 144.349107, " Belmont"], "Bendigo Marketplace": [-36.765765, 144.280743, " Bendigo"], "Bentons Square Shopping Centre": [-38.245416, 145.048067, " Mornington"], "Berwick Marketplace": [-38.02951, 145.346619, " Berwick"], "Birallee Village Shopping Centre": [-36.127763, 146.86482, " Wodonga"], "Bourke Street Mall": [-37.813538, 144.964386, " Melbourne"], "Box Hill Central": [-37.818677, 145.12179, " Box Hill"], "Brand Smart Premium Outlet Centre": [-37.819375, 145.1714718, " Nunawading"], "Brandon Park Shopping Centre": [-37.905522, 145.161647, " Wheelers Hill"], "Braybrook Shopping Centre": [-37.782172, 144.86422, " Braybrook"], "Brimbank Central Shopping Centre": [-37.751223, 144.775276, " Deer Park"], "Broadmeadows Shopping Centre": [-37.680244, 144.91953, " Broadmeadows"], "Bulleen Plaza": [-37.76613, 145.091637, " Bulleen"], "Burnside Hub": [-37.75938, 144.753677, " Burnside"], "Burwood One Shopping Centre": [-37.853784, 145.149761, " Burwood East"], "Camberwell Sunday Market": [-37.82931, 145.058043, " Camberwell"], "Campbellfield Plaza": [-37.689343, 144.960737, " Melbourne"], "Canterbury Gardens Shopping Centre": [-37.822732, 145.301494, " Bayswater"], "Carnegie Central": [-37.884786, 145.058444, " Carnegie"], "Caulfield Plaza Shopping Centre": [-37.876146, 145.04284, " Caulfield East"], "Central Square Shopping Centre": [-37.873122, 144.776038, " Altona Meadows"], "Central West Shopping Centre": [-37.793489, 144.861609, " Braybrook"], "Centro Sunshine Marketplace": [-37.78187, 144.831506, " Sunshine"], "Century City Walk": [-37.881427, 145.164632, " Glen Waverley"], "Chadstone The Fashion Capital": [-37.886038881076, 145.08346106348, " Chadstone"], "Chirnside Homemaker Centre": [-37.765247, 145.305655, " Chirnside Park"], "Chirnside Park Shopping Centre": [-37.758258, 145.313972, " Chirnside Park"], "Civic Square Shopping Centre": [-37.799301795285, 145.28299318557, " Croydon"], "Coburg Hill Shopping Centre": [-37.729625, 144.983537, " Coburg North"], "Collins Place": [-37.814312, 144.97268, " Melbourne"], "Collins234 Boutique Place": [-37.815545, 144.965749, " Melbourne"], "Corio Village Shopping Centre": [-38.074772, 144.355819, " Corio"], "Craigieburn Central": [-37.592986, 144.912268, " Craigieburn"], "Cranbourne Homemaker Centre": [-38.085817, 145.279178, " Cranbourne"], "Cranbourne Park": [-38.109657, 145.282017, " Cranbourne"], "Croydon Central Shopping Centre": [-37.794026, 145.278937, " Croydon"], "CS Square Shopping Centre": [-37.731774, 144.743748, " Caroline Springs"], "Dandenong Plaza": [-37.986731, 145.217684, " Dandenong"], "Darley Plaza": [-37.659449, 144.440871, " Darley"], "DFO Essendon": [-37.733125, 144.906547, " Essendon"], "DFO Moorabbin": [-37.971261, 145.08812, " Moorabbin"], "DFO South Wharf": [-37.825196, 144.949879, " South Wharf"], "Diamond Creek Shopping Station": [-37.673551, 145.15957, " Diamond Creek"], "Dingley Village Shopping Centre": [-37.983412, 145.132541, " Dingley Village"], "Dromana Hub Shopping Centre": [-38.333538, 144.964645, " Dromana"], "Eastland Shopping Centre": [-37.812672, 145.229157, " Ringwood"], "Eastwood Village Shopping Centre": [-37.826676, 147.629682, " Bairnsdale"], "Eliza Square Shopping Centre": [-38.183794, 145.089375, " Mount Eliza"], "Eltham Village Shopping Centre": [-37.714902, 145.148743, " Eltham"], "Emporium Melbourne": [-37.812517, 144.963555, " Melbourne"], "Endeavour Hills Shopping Centre": [-37.976993, 145.258788, " Endeavour Hills"], "Epping North Shopping Centre": [-37.628168, 145.027155, " Epping"], "Federation Square (Fed Square)": [-37.81797, 144.969024, " Melbourne"], "Footscray Market": [-37.800522, 144.901875, " Footscray"], "Footscray Plaza Shopping Centre": [-37.802426, 144.894785, " Footscray"], "Forest Hill Chase Shopping Centre": [-37.835453, 145.164718, " Forest Hill"], "Frankston Power Centre": [-38.148946, 145.137326, " Frankston"], "Galleria Melbourne": [-37.814824, 144.962743, " Melbourne"], "Gateway Plaza": [-38.381608, 142.519768, " Warrnambool"], "Geelong Gate Homemaker Centre": [-38.065015, 144.383085, " Geelong"], "Gippsland Centre": [-38.106745, 147.06271, " Sale"], "Gisborne Village Shopping Centre": [-37.485605, 144.589909, " Gisborne"], "Gladstone Park Shopping Centre": [-37.688293, 144.88463, " Gladstone Park"], "Greensborough Plaza": [-37.702696, 145.102816, " Greensborough"], "Greenvale Shopping Centre": [-37.639349, 144.881948, " Greenvale"], "Hampton Park Shopping Centre": [-38.032654, 145.265843, " Hampton Park"], "Harbour Town Melbourne": [-37.812574, 144.939344, " Docklands"], "Harvey Norman - Wangaratta": [-36.356748, 146.325113, " Wangaratta"], "Harvey Norman Centre - Hoppers Crossing": [-37.875109, 144.710844, " Hoppers Crossing"], "Harvey Norman Centre Maribyrnong": [-37.772658, 144.885527, " Maribyrnong"], "Harvey Norman Centre Warrnambool": [-38.383231, 142.523999, " Warrnambool"], "Healesville Walk Shopping Centre": [-37.652833, 145.518043, " Healesville"], "Highett Shopping Centre": [-37.949024, 145.041367, " Highett"], "Highpoint Shopping Centre": [-37.77369, 144.888781, " Maribyrnong"], "Hogan's Corner Shopping Centre": [-37.861908, 144.68726, " Hoppers Crossing"], "Home Quarter Dandenong": [-38.005209, 145.21853, " Dandenong"], "HomeCo. Ballarat (form. Wendouree Homemaker Centre)": [-37.5343837, 143.8211086, " Wendouree"], "Homemaker City Maribyrnong": [-37.771563, 144.884429, " Maribyrnong"], "Homemakers Albury Wodonga": [-36.137884, 146.90877, " Wodonga"], "HomePlus Homemaker Centre": [-37.877598, 145.091922, " Chadstone"], "Horsham Plaza": [-36.715718, 142.196203, " Horsham"], "Ivanhoe Plaza": [-37.768183, 145.04146, "  Ivanhoe"], "Karingal Hub Shopping Centre": [-38.153172, 145.165494, " Frankston"], "Keilor Shopping Centre": [-37.727952, 144.806774, " Keilor Downs"], "Kennington Village Shopping Centre": [-36.775409, 144.306331, " Bendigo"], "Lansell Square": [-36.810475, 144.242283, " Kangaroo Flat"], "Lilydale Marketplace": [-37.759801, 145.348895, " Lilydale"], "Lynbrook Village Shopping Centre": [-38.05177, 145.256595, " Lynbrook"], "Malvern Central": [-37.863028, 145.027026, " Malvern"], "Manor Lakes Central Shopping Centre": [-37.876281, 144.614452, " Manor"], "Market Square Shopping Centre": [-38.147951, 144.361964, " Geelong"], "Meadow Heights Shopping Centre": [-37.650845, 144.922161, " Meadow Heights"], "Melbourne Central Shopping Centre": [-37.810813, 144.962812, " Melbourne"], "Melbourne GPO": [-37.813692, 144.963206, " Melbourne"], "Melton Gateway": [-37.688442, 144.603102, " Melton"], "Midvalley Shopping Centre": [-38.236989, 146.429798, " Morwell"], "Mildura Central": [-34.208196, 142.138774, " Mildura"], "Milleara Shopping Centre": [-37.749591, 144.861442, " Keilor East"], "Mitcham Shopping Centre": [-37.815739, 145.192535, " Mitcham"], "Moonee Ponds Central": [-37.765648, 144.922669, " Moonee Ponds"], "Moorabbin House and Home Centre": [-37.939558, 145.038272, " Moorabbin"], "Mordialloc Plaza": [-38.008072, 145.086614, " Mordialloc"], "Mornington Central": [-38.218566, 145.039113, " Mornington"], "Mornington Village Shopping Centre": [-38.223672, 145.040597, " Mornington"], "Mountain Gate Shopping Centre": [-37.883678, 145.274908, " Ferntree Gully"], "Mountain High Shopping Centre": [-37.840921, 145.265094, " Bayswater"],